{
  "object": "ProjectHub__BillingEventLineItem__c",
  "fields": [
    "id",
    "isdeleted",
    "name",
    "currencyisocode",
    "createddate",
    "createdbyid",
    "lastmodifieddate",
    "lastmodifiedbyid",
    "systemmodstamp",
    "projecthub__billingeventid__c",
    "projecthub__budgetlineitemid__c",
    "projecthub__category__c",
    "projecthub__contactid__c",
    "projecthub__costcodecategory__c",
    "projecthub__costcodefirstsubcategory__c",
    "projecthub__costcodeid__c",
    "projecthub__date__c",
    "projecthub__expenselineitemid__c",
    "projecthub__projectmilestoneid__c",
    "projecthub__quantity__c",
    "projecthub__role__c",
    "projecthub__sourcetype__c",
    "projecthub__subtotal__c",
    "projecthub__timesheetlineitemid__c",
    "projecthub__totalamount__c",
    "projecthub__unitprice__c",
    "projecthub__description__c",
    "projecthub__unitsheetlineitemid__c",
    "projecthub__amount__c",
    "projecthub__discount__c",
    "ProjectHub__ActualHash__c",
    "ProjectHub__BaselineHash__c",
    "ProjectHub__LastActualHashCalculatedDate__c",
    "ProjectHub__LastBaselineHashCalculatedDate__c"
  ],
  "s3bucket": "1dxp-dl-s-z1-crown/cl/SalesForce/BillingEventLineItem",
  "filter": "where Name != null",
  "delete_filter": "",
  "incremental_filter":" where ProjectHub__LastActualHashCalculatedDate__c != null AND ProjectHub__LastActualHashCalculatedDate__c >= "
}