{
  "object": "ProjectHub__Budget__c",
  "fields": [
    "budgettaxamount__c",
    "createdbyid",
    "createddate",
    "currencyisocode",
    "discountamount__c",
    "finalcalculatedbudgetamount__c",
    "id",
    "isdeleted",
    "lastmodifiedbyid",
    "lastmodifieddate",
    "markupamount__c",
    "name",
    "ownerid",
    "projecthub__accountid__c",
    "projecthub__amount__c",
    "projecthub__billingstatus__c",
    "projecthub__budgetamount__c",
    "projecthub__budgetlineitemcount__c",
    "projecthub__category__c",
    "projecthub__componentcodeid__c",
    "projecthub__costcodeid__c",
    "projecthub__currencyisocode__c",
    "projecthub__exchangerate__c",
    "projecthub__exchangeratedate__c",
    "projecthub__expenseamount__c",
    "projecthub__externalid__c",
    "projecthub__firstdimensionid__c",
    "projecthub__fourthdimensionid__c",
    "projecthub__isactive__c",
    "projecthub__isapproved__c",
    "projecthub__isbudgetlineitemclone__c",
    "projecthub__ischangeorder__c",
    "projecthub__isdashboardenabled__c",
    "projecthub__islocked__c",
    "projecthub__jobcodeid__c",
    "projecthub__overrunallowed__c",
    "projecthub__paymentstatus__c",
    "projecthub__periodid__c",
    "projecthub__projectid__c",
    "projecthub__projecttaskid__c",
    "projecthub__seconddimensionid__c",
    "projecthub__status__c",
    "projecthub__thirddimensionid__c",
    "projecthub__type__c",
    "projectorcaleid__c",
    "projectsite__c",
    "projectstatus__c",
    "projectthirddimension__c",
    "systemmodstamp",
    "totalcfdaamount__c",
    "totalfdaamount__c",
    "totalnumberofbudgetlineitems__c",
    "totaltaxamount__c",
    "ProjectHub__ActualHash__c",
    "ProjectHub__BaselineHash__c",
    "ProjectHub__LastActualHashCalculatedDate__c",
    "ProjectHub__LastBaselineHashCalculatedDate__c"
  ],
  "s3bucket": "1dxp-dl-s-z1-crown/cl/SalesForce/Budget",
  "filter": "where Name != null",
  "delete_filter": "",
  "incremental_filter":" where ProjectHub__LastActualHashCalculatedDate__c != null AND ProjectHub__LastActualHashCalculatedDate__c >= "
}