{
  "object": "ProjectHub__BudgetLineItem__c",
  "fields": [
    "cfdaamount__c",
    "cfdapercent__c",
    "contentcategory__c",
    "createdbyid",
    "createddate",
    "currencyisocode",
    "department__c",
    "fdaamount__c",
    "fdapercent__c",
    "firstleveldimension__c",
    "fourthleveldimension__c",
    "groupnumber__c",
    "id",
    "isdeleted",
    "lastmodifiedbyid",
    "lastmodifieddate",
    "lineitemgroup__c",
    "markuprate__c",
    "miceonstudy__c",
    "mousestrain__c",
    "name",
    "numberofarms__c",
    "numberofmarker__c",
    "opportunitylineitemid__c",
    "productfeatureid__c",
    "projecthub__accountid__c",
    "projecthub__adjustedquantity__c",
    "projecthub__adjustedunitprice__c",
    "projecthub__billingstatus__c",
    "projecthub__budgetid__c",
    "projecthub__category__c",
    "projecthub__componentcodeid__c",
    "projecthub__costcodecategory__c",
    "projecthub__costcodefirstsubcategory__c",
    "projecthub__costcodeid__c",
    "projecthub__costcodeisdiscountable__c",
    "projecthub__costcodesecondsubcategory__c",
    "projecthub__costcodethirdsubcategory__c",
    "projecthub__costcodetype__c",
    "projecthub__costrate__c",
    "projecthub__currencyisocode__c",
    "projecthub__date__c",
    "projecthub__description__c",
    "projecthub__discount__c",
    "projecthub__discountamount__c",
    "projecthub__effort__c",
    "projecthub__exchangerate__c",
    "projecthub__exchangeratedate__c",
    "projecthub__externalid__c",
    "projecthub__firstdimensionid__c",
    "projecthub__fourthdimensionid__c",
    "projecthub__invoicedate__c",
    "projecthub__invoicenumber__c",
    "projecthub__isapproved__c",
    "projecthub__isbillable__c",
    "projecthub__isclone__c",
    "projecthub__isinvoiced__c",
    "projecthub__isposted__c",
    "projecthub__jobcodeid__c",
    "projecthub__linenumber__c",
    "projecthub__linetype__c",
    "projecthub__markup__c",
    "projecthub__markupamount__c",
    "projecthub__netamount__c",
    "projecthub__opportunityid__c",
    "projecthub__paymentstatus__c",
    "projecthub__periodid__c",
    "projecthub__productid__c",
    "projecthub__projectdashboardid__c",
    "projecthub__projectid__c",
    "projecthub__projecttaskid__c",
    "projecthub__quantity__c",
    "projecthub__quantityadjustmentmethod__c",
    "projecthub__quantitymodifier__c",
    "projecthub__quantityunitofmeasure__c",
    "projecthub__role__c",
    "projecthub__seconddimensionid__c",
    "projecthub__status__c",
    "projecthub__subtotal__c",
    "projecthub__thirddimensionid__c",
    "projecthub__totalamount__c",
    "projecthub__totaleffort__c",
    "projecthub__type__c",
    "projecthub__unitprice__c",
    "projecthub__unitpricemodifier__c",
    "projectthirddimension__c",
    "secondleveldimension__c",
    "sortnumber__c",
    "systemmodstamp",
    "taxamount__c",
    "taxpercent__c",
    "thirdleveldimension__c",
    "ProjectHub__ActualHash__c",
    "ProjectHub__BaselineHash__c",
    "ProjectHub__LastActualHashCalculatedDate__c",
    "ProjectHub__LastBaselineHashCalculatedDate__c"
  ],
  "s3bucket": "1dxp-dl-s-z1-crown/cl/SalesForce/BudgetLineItem",
  "filter": "where Name != null",
  "delete_filter": "",
  "incremental_filter":" where ProjectHub__LastActualHashCalculatedDate__c != null AND ProjectHub__LastActualHashCalculatedDate__c >= "
}