{
  "object": "ProjectHub__Configuration__c",
  "fields": [
    "createdbyid",
    "createddate",
    "currencyisocode",
    "id",
    "isdeleted",
    "lastmodifiedbyid",
    "lastmodifieddate",
    "name",
    "ownerid",
    "projecthub__budgetid__c",
    "projecthub__configurationcodeid__c",
    "projecthub__projectid__c",
    "projecthub__value__c",
    "systemmodstamp"
  ],
  "s3bucket": "1dxp-dl-s-z1-crown/cl/SalesForce/Configuration",
  "filter": "where Name != null",
  "delete_filter": ""
}