{
  "object": "ProjectHub__CostCode__c",
  "fields": [
    "id",
    "ownerid",
    "isdeleted",
    "name",
    "currencyisocode",
    "createddate",
    "createdbyid",
    "lastmodifieddate",
    "lastmodifiedbyid",
    "systemmodstamp",
    "projecthub__category__c",
    "projecthub__code__c",
    "projecthub__description__c",
    "projecthub__externalid__c",
    "projecthub__firstsubcategory__c",
    "projecthub__isactive__c",
    "projecthub__secondsubcategory__c",
    "projecthub__thirdsubcategory__c",
    "projecthub__type__c",
    "unitofmeasure__c",
    "price__c",
    "vendor__c",
    "species__c",
    "projecthub__billingtype__c",
    "projecthub__configurations__c",
    "projecthub__defaultrole__c",
    "projecthub__filter__c",
    "projecthub__firstdimensionid__c",
    "projecthub__fourthdimensionid__c",
    "projecthub__ispassthrough__c",
    "projecthub__isprojectsiteenabled__c",
    "projecthub__mastercategory__c",
    "projecthub__productcode__c",
    "projecthub__quantityadjustmentmethod__c",
    "projecthub__quantityunitofmeasure__c",
    "projecthub__seconddimensionid__c",
    "projecthub__sortorder__c",
    "projecthub__tabname__c",
    "projecthub__thirddimensionid__c",
    "cancertype__c",
    "pdx__c",
    "cdx__c",
    "inoculaiton__c",
    "animalstrain__c",
    "animalgender__c",
    "class__c",
    "subtype__c",
    "ethnicity__c",
    "availablein__c",
    "costcodenamechinese__c",
    "royaltyrate__c",
    "islicesned__c",
    "includeinroyaltycalculations__c",
    "royaltyunitofmeasure__c",
    "licensingpaymentterm__c",
    "projecthub__isdiscountable__c"
  ],
  "s3bucket": "1dxp-dl-s-z1-crown/cl/SalesForce/CostCodes",
  "filter": "where Name != null",
  "delete_filter": "",
  "incremental_filter": ""
}