{
  "object": "ProjectHub__ExpenseLineItem__c",
  "fields": [
    "id",
    "isdeleted",
    "name",
    "currencyisocode",
    "createddate",
    "createdbyid",
    "lastmodifieddate",
    "lastmodifiedbyid",
    "systemmodstamp",
    "projecthub__expenseid__c",
    "projecthub__accountid__c",
    "projecthub__amount__c",
    "projecthub__billingstatus__c",
    "projecthub__category__c",
    "projecthub__componentcodeid__c",
    "projecthub__contactid__c",
    "projecthub__costcodeid__c",
    "projecthub__date__c",
    "projecthub__description__c",
    "projecthub__discountamount__c",
    "projecthub__enddate__c",
    "projecthub__firstdimensionid__c",
    "projecthub__fourthdimensionid__c",
    "projecthub__invoicedate__c",
    "projecthub__invoicenumber__c",
    "projecthub__isapproved__c",
    "projecthub__isbillable__c",
    "projecthub__isinvoiced__c",
    "projecthub__isposted__c",
    "projecthub__issubmitted__c",
    "projecthub__jobcodeid__c",
    "projecthub__linenumber__c",
    "projecthub__netamount__c",
    "projecthub__opportunityid__c",
    "projecthub__paymentstatus__c",
    "projecthub__periodid__c",
    "projecthub__productid__c",
    "projecthub__projectdashboardid__c",
    "projecthub__projectid__c",
    "projecthub__projectmilestoneid__c",
    "projecthub__projecttaskid__c",
    "projecthub__projectteammemberid__c",
    "projecthub__quantity__c",
    "projecthub__seconddimensionid__c",
    "projecthub__status__c",
    "projecthub__subtotal__c",
    "projecthub__thirddimensionid__c",
    "projecthub__totalamount__c",
    "projecthub__type__c",
    "projecthub__unitprice__c",
    "projecthub__isreimbursable__c"
  ],
  "s3bucket": "1dxp-dl-s-z1-crown/cl/SalesForce/ExpenseLineItem",
  "filter": "where Name != null",
  "delete_filter": ""
}