{
  "object": "ProjectHub__Expense__c",
  "fields": [
    "id",
    "ownerid",
    "isdeleted",
    "name",
    "currencyisocode",
    "createddate",
    "createdbyid",
    "lastmodifieddate",
    "lastmodifiedbyid",
    "systemmodstamp",
    "projecthub__accountid__c",
    "projecthub__amount__c",
    "projecthub__billingstatus__c",
    "projecthub__category__c",
    "projecthub__componentcodeid__c",
    "projecthub__costcodeid__c",
    "projecthub__description__c",
    "projecthub__enddate__c",
    "projecthub__externalid__c",
    "projecthub__firstdimensionid__c",
    "projecthub__fourthdimensionid__c",
    "projecthub__isapproved__c",
    "projecthub__isbillable__c",
    "projecthub__isdashboardenabled__c",
    "projecthub__issubmitted__c",
    "projecthub__jobcodeid__c",
    "projecthub__paymentstatus__c",
    "projecthub__periodid__c",
    "projecthub__projectid__c",
    "projecthub__projectmilestoneid__c",
    "projecthub__seconddimensionid__c",
    "projecthub__startdate__c",
    "projecthub__status__c",
    "projecthub__thirddimensionid__c",
    "projecthub__type__c",
    "projecthub__contactid__c",
    "projecthub__expenselineitemcount__c"
  ],
  "s3bucket": "1dxp-dl-s-z1-crown/cl/SalesForce/Expense",
  "filter": "where Name != null",
  "delete_filter": ""
}