{
  "object": "ProjectHub__FourthDimension__c",
  "fields": [
    "createdbyid",
    "createddate",
    "currencyisocode",
    "id",
    "isdeleted",
    "lastmodifiedbyid",
    "lastmodifieddate",
    "name",
    "ownerid",
    "projecthub__code__c",
    "projecthub__description__c",
    "projecthub__externalid__c",
    "projecthub__isactive__c",
    "systemmodstamp"
  ],
  "s3bucket": "1dxp-dl-s-z1-crown/cl/SalesForce/FourthDimension",
  "filter": "where Name != null",
  "delete_filter": "",
  "incremental_filter": ""
}