{
  "object": "ProjectHub__ProjectDashboard__c",
  "fields": [
    "id",
    "isdeleted",
    "name",
    "currencyisocode",
    "createddate",
    "createdbyid",
    "lastmodifieddate",
    "lastmodifiedbyid",
    "systemmodstamp",
    "projecthub__projectid__c",
    "projecthub__accountid__c",
    "projecthub__amount__c",
    "projecthub__category__c",
    "projecthub__componentcodeid__c",
    "projecthub__costcodeid__c",
    "projecthub__date__c",
    "projecthub__description__c",
    "projecthub__enddate__c",
    "projecthub__externalid__c",
    "projecthub__firstdimensionid__c",
    "projecthub__fourthdimensionid__c",
    "projecthub__isapproved__c",
    "projecthub__isbillable__c",
    "projecthub__ischangeorder__c",
    "projecthub__isinvoiced__c",
    "projecthub__issubmitted__c",
    "projecthub__jobcodeid__c",
    "projecthub__periodid__c",
    "projecthub__productid__c",
    "projecthub__projectmilestoneid__c",
    "projecthub__projecttaskid__c",
    "projecthub__quantityunitofmeasure__c",
    "projecthub__quantity__c",
    "projecthub__seconddimensionid__c",
    "projecthub__startdate__c",
    "projecthub__thirddimensionid__c",
    "projecthub__type__c",
    "projecthub__unitprice__c",
    "projecthub__contactid__c",
    "projecthub__costcodecategory__c",
    "projecthub__costcodefirstsubcategory__c",
    "projecthub__costcodesecondsubcategory__c",
    "projecthub__costcodethirdsubcategory__c",
    "projecthub__costcodetype__c",
    "projecthub__costrate__c",
    "projecthub__ispassthrough__c",
    "projecthub__isreimbursable__c",
    "projecthub__effort__c",
    "projecthub__role__c",
    "projecthub__dashboardcategory__c",
    "projecthub__dashboardtype__c",
    "projecthub__parentprojectid__c",
    "projecthub__sourcerecordid__c",
    "year__c",
    "month__c"
  ],
  "s3bucket": "1dxp-dl-s-z1-crown/cl/SalesForce/ProjectDashboard",
  "filter": "where Name != null",
  "delete_filter": "",
  "incremental_filter": ""
}