{
  "object": "ProjectHub__ProjectTeamMember__c",
  "fields": [
    "id",
    "isdeleted",
    "name",
    "currencyisocode",
    "createddate",
    "createdbyid",
    "lastmodifieddate",
    "lastmodifiedbyid",
    "systemmodstamp",
    "projecthub__projectid__c",
    "projecthub__accountname__c",
    "projecthub__category__c",
    "projecthub__contactid__c",
    "projecthub__description__c",
    "projecthub__directphone__c",
    "projecthub__email__c",
    "projecthub__enddate__c",
    "projecthub__externalid__c",
    "projecthub__isactive__c",
    "projecthub__isbillable__c",
    "projecthub__linenumber__c",
    "projecthub__notificationfrequency__c",
    "projecthub__role__c",
    "projecthub__startdate__c",
    "projecthub__status__c",
    "projecthub__type__c",
    "projecthub__userid__c",
    "projecthub__listprice__c",
    "year__c",
    "month__c"
  ],
  "s3bucket": "1dxp-dl-s-z1-crown/cl/SalesForce/ProjectTeamMember",
  "filter": "where Name != null",
  "delete_filter": "",
  "incremental_filter": ""
}