{
  "object": "ProjectHub__ProjectAnalytics__c",
  "fields": [
    "id",
    "ownerid",
    "isdeleted",
    "name",
    "currencyisocode",
    "createddate",
    "createdbyid",
    "lastmodifieddate",
    "lastmodifiedbyid",
    "systemmodstamp",
    "projecthub__accountid__c",
    "projecthub__amount__c",
    "projecthub__category__c",
    "projecthub__costcodeid__c",
    "projecthub__dashboardcategory__c",
    "projecthub__dashboardtype__c",
    "projecthub__externalid__c",
    "projecthub__firstsubcategory__c",
    "projecthub__parentprojectid__c",
    "projecthub__projectid__c",
    "projecthub__quantity__c",
    "projecthub__secondsubcategory__c",
    "projecthub__sourcetype__c",
    "projecthub__thirdsubcategory__c",
    "projecthub__type__c",
    "year__c",
    "month__c"
  ],
  "s3bucket": "1dxp-dl-s-z1-crown/cl/SalesForce/ProjectAnalytics",
  "filter": "where Name != null",
  "delete_filter": "",
  "incremental_filter": ""
}