{
  "object": "ProjectHub__ProjectContactRole__c",
  "fields": [
    "id",
    "isdeleted",
    "name",
    "currencyisocode",
    "createddate",
    "createdbyid",
    "lastmodifieddate",
    "lastmodifiedbyid",
    "systemmodstamp",
    "lastactivitydate",
    "projecthub__projectid__c",
    "projecthub__accountname__c",
    "projecthub__accountsite__c",
    "projecthub__contactid__c",
    "projecthub__direct__c",
    "projecthub__email__c",
    "projecthub__externalid__c",
    "projecthub__isprimary__c",
    "projecthub__linenumber__c",
    "projecthub__notificationfrequency__c",
    "projecthub__role__c",
    "projecthub__userid__c",
    "year__c",
    "month__c"
  ],
  "s3bucket": "1dxp-dl-s-z1-crown/cl/SalesForce/ProjectContactRole",
  "filter": "where Name != null",
  "delete_filter": "",
  "incremental_filter": ""
}