{
  "object": "ProjectHub__ProjectMilestone__c",
  "fields": [
    "id",
    "isdeleted",
    "name",
    "currencyisocode",
    "createddate",
    "createdbyid",
    "lastmodifieddate",
    "lastmodifiedbyid",
    "systemmodstamp",
    "lastactivitydate",
    "lastvieweddate",
    "lastreferenceddate",
    "projecthub__projectid__c",
    "projecthub__actualenddate__c",
    "projecthub__actualstartdate__c",
    "projecthub__amount__c",
    "projecthub__billingstatus__c",
    "projecthub__billingtype__c",
    "projecthub__budgetedamount__c",
    "projecthub__componentcodeid__c",
    "projecthub__contactid__c",
    "projecthub__costcodeid__c",
    "projecthub__description__c",
    "projecthub__duration__c",
    "projecthub__enddate__c",
    "projecthub__expenseamount__c",
    "projecthub__externalid__c",
    "projecthub__firstdimensionid__c",
    "projecthub__fourthdimensionid__c",
    "projecthub__invoicedate__c",
    "projecthub__invoicenumber__c",
    "projecthub__invoicedamount__c",
    "projecthub__isactive__c",
    "projecthub__isapproved__c",
    "projecthub__isbillable__c",
    "projecthub__isclosed__c",
    "projecthub__iscompleted__c",
    "projecthub__isinvoiced__c",
    "projecthub__isvisibletoexternalusers__c",
    "projecthub__jobcodeid__c",
    "projecthub__linenumber__c",
    "projecthub__maxenddate__c",
    "projecthub__minstartdate__c",
    "projecthub__notificationdate__c",
    "projecthub__notificationtype__c",
    "projecthub__numberofblockedtasks__c",
    "projecthub__numberofcompletedtasks__c",
    "projecthub__numberoflatetasks__c",
    "projecthub__numberofopentasks__c",
    "projecthub__numberoftasks__c",
    "projecthub__paymentschedule__c",
    "projecthub__percentcomplete__c",
    "projecthub__periodid__c",
    "projecthub__priority__c",
    "projecthub__progressstatus__c",
    "projecthub__projectstage__c",
    "projecthub__quantityunitofmeasure__c",
    "projecthub__quantity__c",
    "projecthub__seconddimensionid__c",
    "projecthub__stage__c",
    "projecthub__startdate__c",
    "projecthub__status__c",
    "projecthub__taskspercentcomplete__c",
    "projecthub__thirddimensionid__c",
    "projecthub__type__c",
    "projecthub__revenuedistribution__c",
    "projecthub__notes__c",
    "revenuerecognitionprofileid__c",
    "revenuetransactionid__c",
    "expectedrevenue__c",
    "revenuerecognitionstatus__c",
    "accountid__c",
    "projecttype__c",
    "crownbiooracleid__c",
    "revenueforecaststatus__c",
    "projectmanager__c",
    "projectstatus__c",
    "actualdaystocomplete__c",
    "actualdaystostart__c",
    "externalinvoicenumber__c",
    "projecthub__parentprojectmilestoneid__c",
    "projecthub__rootprojectmilestoneid__c",
    "projecttasknumber__c",
    "totalbudgetedamount__c",
    "projectsite__c",
    "daystostartfromcontract__c",
    "daystocompletefromcontract__c",
    "contractdate__c",
    "studydirector__c",
    "businessdevelopment__c",
    "milestonecode__c",
    "projectmanagername__c",
    "projecthub__currencyisocode__c",
    "projecthub__exchangeratedate__c",
    "projecthub__exchangerate__c",
    "isupdated__c",
    "revenuedataqualitystatus__c",
    "forecastdataqualitystatus__c",
    "projectnumber__c",
    "projecttaskid__c",
    "isprojectcurrency__c",
    "dataimporttesting__c",
    "projectoriginalcontractvalue__c",
    "projectnumbermilestone__c",
    "projectsponsor__c",
    "sf_milestone_id__c",
    "projectactualstartdate__c",
    "ProjectHub__ActualHash__c",
    "ProjectHub__BaselineHash__c",
    "ProjectHub__LastActualHashCalculatedDate__c",
    "ProjectHub__LastBaselineHashCalculatedDate__c"
  ],
  "s3bucket": "1dxp-dl-s-z1-crown/cl/SalesForce/ProjectMilestone",
  "filter": "where Name != null",
  "delete_filter": "",
  "incremental_filter":" where ProjectHub__LastActualHashCalculatedDate__c != null AND ProjectHub__LastActualHashCalculatedDate__c >= "
}