{
  "object": "ProjectHub__RateCard__c",
  "fields": [
    "createdbyid",
    "createddate",
    "currencyisocode",
    "id",
    "isdeleted",
    "lastmodifiedbyid",
    "lastmodifieddate",
    "name",
    "ownerid",
    "projecthub__billrate__c",
    "projecthub__billrateunitofmeasure__c",
    "projecthub__costrate__c",
    "projecthub__costrateunitofmeasure__c",
    "projecthub__description__c",
    "projecthub__enddate__c",
    "projecthub__externalid__c",
    "projecthub__externalresourcebillrate__c",
    "projecthub__externalresourcecostrate__c",
    "projecthub__isactive__c",
    "projecthub__role__c",
    "projecthub__scope__c",
    "projecthub__startdate__c",
    "systemmodstamp"
  ],
  "s3bucket": "1dxp-dl-s-z1-crown/cl/SalesForce/RateCard",
  "filter": "where Name != null",
  "delete_filter": ""
}