{
  "object": "RevenueHub__RevenueTransaction__c",
  "fields": [
    "id",
    "ownerid",
    "isdeleted",
    "name",
    "currencyisocode",
    "createddate",
    "createdbyid",
    "lastmodifieddate",
    "lastmodifiedbyid",
    "systemmodstamp",
    "revenuehub__amount__c",
    "revenuehub__date__c",
    "revenuehub__description__c",
    "revenuehub__externalid__c",
    "revenuehub__period__c",
    "revenuehub__status__c",
    "revenuehub__name__c",
    "revenuehub__recognizedamount__c",
    "revenuehub__forecastedamount__c",
    "revenuehub__recognizedrate__c",
    "totalbudgetedamount__c",
    "percentrevenuerecognized__c",
    "total_recognized_amount_excluding_tax__c",
    "forecastedamountdifference__c",
    "projectnumber__c",
    "tasknumber__c",
    "percentcomplete__c",
    "crownbiooracleid__c",
    "syncstatus__c",
    "oraclelineid__c",
    "projecttaskid__c",
    "opportunitykey__c",
    "syncedrecognizedamount__c",
    "syncready__c",
    "lastsynceddate__c",
    "issyncready__c",
    "siteid__c",
    "total_budgeted_amount__c",
    "nooftransactionlineitems__c",
    "revenuehub__isreadytosync__c",
    "revenuehub__totalamountweekly__c",
    "projectstatus__c",
    "lastrevenuerecognitiondate__c",
    "amountusd__c",
    "amountexcludingtaxusd__c",
    "exchangerate__c",
    "totalforecastedamountusd__c",
    "totalrecognizedamountusd__c",
    "expectedrevenueusd__c",
    "isrevenuecompleted__c",
    "remainingrevenueusd__c",
    "originalcontractvalue__c",
    "originalcontractvalueusd__c",
    "last_status_update_date__c",
    "isprojectactive__c",
    "baseline_forecast_amount__c",
    "projectcontractdate__c",
    "remainingrevenue__c",
    "totalrecognizedamountusdexcltax__c",
    "syncedexpectedrevenue__c",
    "totalforecastedamountusdexcltax__c",
    "taxrate__c",
    "remainingrevenueusdexcltax__c",
    "revenuehub__currencyisocode__c",
    "revenuehub__exchangeratedate__c",
    "revenuehub__exchangerate__c",
    "expectedrevenueusdexcltax__c",
    "originalcontractvalueusdexcltax__c",
    "currentexchangeratedate__c",
    "totalforecastedamountexcltax__c",
    "baseline_minus_recognise__c",
    "sfrevenuetransactionid__c",
    "expectedrevenuediff__c",
    "totalrecogniseddiff__c",
    "projectactualstartdate__c",
    "thirddimensioncheck__c",
    "RevenueHub__ActualHash__c",
    "RevenueHub__BaselineHash__c",
    "RevenueHub__LastActualHashCalculatedDate__c",
    "RevenueHub__LastBaselineHashCalculatedDate__c"
  ],
  "s3bucket": "1dxp-dl-s-z1-crown/cl/SalesForce/RevenueTransaction",
  "filter": "where Name != null",
  "delete_filter": "",
  "incremental_filter":" where RevenueHub__LastActualHashCalculatedDate__c != null AND RevenueHub__LastActualHashCalculatedDate__c >= "
}