{
  "object": "RevenueHub__RevenueRecognitionProfile__c",
  "fields": [
    "id",
    "ownerid",
    "isdeleted",
    "name",
    "currencyisocode",
    "createddate",
    "createdbyid",
    "lastmodifieddate",
    "lastmodifiedbyid",
    "systemmodstamp",
    "revenuehub__isactive__c",
    "revenuehub__isvalid__c",
    "revenuehub__method__c",
    "revenuehub__settings__c",
    "revenuehub__type__c",
    "revenuehub__islocked__c",
    "revenuehub__updatesettings__c",
    "revenuehub__forecastsettings__c"
  ],
  "s3bucket": "1dxp-dl-s-z1-crown/cl/SalesForce/RevenueRecognitionProfile",
  "filter": "where Name != null",
  "delete_filter": ""
}