{
  "object": "RevenueHub__RevenueTransactionLineItem__c",
  "fields": [
    "id",
    "isdeleted",
    "name",
    "currencyisocode",
    "createddate",
    "createdbyid",
    "lastmodifieddate",
    "lastmodifiedbyid",
    "systemmodstamp",
    "revenuehub__revenuetransactionid__c",
    "revenuehub__accountid__c",
    "revenuehub__amount__c",
    "revenuehub__balancesheetglaccount__c",
    "revenuehub__category__c",
    "revenuehub__currency__c",
    "revenuehub__date__c",
    "revenuehub__description__c",
    "revenuehub__enddate__c",
    "revenuehub__firstdimension__c",
    "revenuehub__fourthdimension__c",
    "revenuehub__incomestatementglaccount__c",
    "revenuehub__linenumber__c",
    "revenuehub__name__c",
    "revenuehub__percentcomplete__c",
    "revenuehub__period__c",
    "revenuehub__quantity__c",
    "revenuehub__recordid__c",
    "revenuehub__revenuedistribution__c",
    "revenuehub__revenuerecognitionprofileid__c",
    "revenuehub__seconddimension__c",
    "revenuehub__startdate__c",
    "revenuehub__thirddimension__c",
    "revenuehub__type__c",
    "revenuehub__unitprice__c",
    "revenuehub__externalid__c",
    "revenuehub__linetype__c",
    "revenuehub__recordowner__c",
    "revenuehub__referencenumber__c",
    "revenuehub__sourcestatus__c",
    "projectmanager__c",
    "oracleid__c",
    "revenuehub__formula__c",
    "totalbudgetedamount__c",
    "tasknumber__c",
    "firstdimensionid__c",
    "fourthdimensionid__c",
    "seconddimensionid__c",
    "thirddimensionid__c",
    "recordownerid__c",
    "siteid__c",
    "recordtype__c",
    "contractdate__c",
    "businessdevelopmentid__c",
    "studydirectorid__c",
    "crownbiofiscalperiod__c",
    "crownbiofiscalquarter__c",
    "revenuehub__currencyisocode__c",
    "revenuehub__exchangeratedate__c",
    "revenuehub__exchangerate__c",
    "amountexcludingtax__c",
    "taxrate__c",
    "isexisting__c",
    "chinarevenuecleanup__c",
    "amountusd__c",
    "amountexcludingtaxusd__c",
    "revenuehub__isbaseline__c",
    "line_type_2__c",
    "autonumber__c",
    "autonum__c",
    "RevenueHub__ActualHash__c",
    "RevenueHub__BaselineHash__c",
    "RevenueHub__LastActualHashCalculatedDate__c",
    "RevenueHub__LastBaselineHashCalculatedDate__c"
  ],
  "s3bucket": "1dxp-dl-s-z1-crown/cl/SalesForce/RevenueTransactionLineItem",
  "filter": "where Name != null",
  "delete_filter": "",
  "incremental_filter":" where RevenueHub__LastActualHashCalculatedDate__c != null AND RevenueHub__LastActualHashCalculatedDate__c >= "
}