{
    "object": "projecthub__billingevent__temp",
    "fields": [
      "id",
      "ownerid",
      "isdeleted",
      "name",
      "currencyisocode",
      "createddate",
      "createdbyid",
      "lastmodifieddate",
      "lastmodifiedbyid",
      "systemmodstamp",
      "projecthub__accountid__c",
      "projecthub__contactid__c",
      "projecthub__description__c",
      "projecthub__externalinvoicenumber__c",
      "projecthub__invoicedate__c",
      "projecthub__invoicenumber__c",
      "projecthub__isinvoiced__c",
      "projecthub__isupfront__c",
      "projecthub__projectid__c",
      "projecthub__reference__c",
      "projecthub__status__c",
      "projecthub__parentprojectbillingeventid__c",
      "projecthub__externalid__c",
      "businessdevelopmentid__c",
      "studydirectorid__c",
      "projectmanagerid__c",
      "oracleid__c",
      "siteid__c",
      "projectnumber__c",
      "projecthub__term__c",
      "projecthub__payment_method__c",
      "totalamount__c",
      "projecthub__sponsorid__c",
      "sponsoremail__c",
      "projecthub__invoicekey__c",
      "pmaccountnotes__c",
      "invoicecomments__c",
      "projectsponsoremailaddresses__c",
      "projecthub__discount__c",
      "ProjectHub__ActualHash__c",
      "ProjectHub__BaselineHash__c",
      "ProjectHub__LastActualHashCalculatedDate__c",
      "ProjectHub__LastBaselineHashCalculatedDate__c"
    ],
    "s3bucket": "1dxp-dl-s-z1-crown/cl/SalesForce/BillingEvent/",
    "s3folder": "cl/SalesForce/BillingEvent/",
    "mainobject": "ProjectHub__BillingEvent__c",
    "truncate_table": "true"
  }