{
  "object": "projecthub__budget__temp",
  "fields": [
    "LastModifiedDate",
    "MarkupAmount__c",
    "ProjectHub__FourthDimensionId__c",
    "ProjectHub__ThirdDimensionId__c",
    "ProjectOrcaleId__c",
    "ProjectHub__IsDashboardEnabled__c",
    "ProjectHub__ProjectId__c",
    "ProjectHub__Amount__c",
    "Name",
    "ProjectHub__ComponentCodeId__c",
    "TotalTaxAmount__c",
    "FinalCalculatedBudgetAmount__c",
    "CreatedById",
    "ProjectHub__BaselineHash__c",
    "ProjectHub__LastActualHashCalculatedDate__c",
    "DiscountAmount__c",
    "ProjectSite__c",
    "ProjectHub__FirstDimensionId__c",
    "ProjectHub__IsBudgetLineItemClone__c",
    "IsDeleted",
    "ProjectHub__IsChangeOrder__c",
    "ProjectHub__AccountId__c",
    "ProjectHub__SecondDimensionId__c",
    "ProjectHub__Type__c",
    "ProjectHub__LastBaselineHashCalculatedDate__c",
    "CurrencyIsoCode",
    "ProjectHub__OverrunAllowed__c",
    "ProjectHub__IsApproved__c",
    "TotalNumberOfBudgetLineItems__c",
    "ProjectHub__ExpenseAmount__c",
    "ProjectHub__IsLocked__c",
    "CreatedDate",
    "ProjectHub__PeriodId__c",
    "Id",
    "ProjectHub__ExchangeRateDate__c",
    "ProjectHub__ProjectTaskId__c",
    "ProjectStatus__c",
    "ProjectHub__ExchangeRate__c",
    "ProjectHub__BillingStatus__c",
    "ProjectHub__BudgetLineItemCount__c",
    "TotalCFDAAmount__c",
    "OwnerId",
    "ProjectHub__PaymentStatus__c",
    "ProjectHub__Category__c",
    "ProjectHub__CurrencyIsoCode__c",
    "ProjectHub__JobCodeId__c",
    "ProjectHub__ActualHash__c",
    "ProjectHub__IsActive__c",
    "ProjectHub__BudgetAmount__c",
    "ProjectHub__Status__c",
    "ProjectHub__ExternalId__c",
    "SystemModstamp",
    "ProjectThirdDimension__c",
    "ProjectHub__CostCodeId__c",
    "BudgetTaxAmount__c",
    "TotalFDAAmount__c",
    "LastModifiedById"
  ],
  "s3bucket": "1dxp-dl-s-z1-crown/cl/SalesForce/Budget/",
  "s3folder": "cl/SalesForce/Budget/",
  "mainobject": "ProjectHub__Budget__c",
  "truncate_table": "true"
}