{
    "object": "projecthub__budgetlineitem__temp",
    "fields": [
      "LastModifiedDate",
      "ProjectHub__IsBillable__c",
      "ProjectHub__AdjustedUnitPrice__c",
      "ProjectHub__ProductId__c",
      "ProjectHub__ThirdDimensionId__c",
      "ProjectHub__IsPosted__c",
      "ProjectHub__BudgetId__c",
      "SortNumber__c",
      "ProjectHub__BaselineHash__c",
      "ProjectHub__CostCodeFirstSubcategory__c",
      "ProjectHub__FirstDimensionId__c",
      "IsDeleted",
      "ProjectHub__AccountId__c",
      "ProjectHub__SecondDimensionId__c",
      "FourthLevelDimension__c",
      "ProjectHub__Quantity__c",
      "NumberofMarker__c",
      "OpportunityLineItemId__c",
      "FDAPercent__c",
      "ProjectHub__InvoiceDate__c",
      "Id",
      "ProjectHub__PeriodId__c",
      "Department__c",
      "ProjectHub__InvoiceNumber__c",
      "MouseStrain__c",
      "ProductFeatureId__c",
      "ProjectHub__Description__c",
      "ProjectHub__IsInvoiced__c",
      "ProjectHub__QuantityUnitOfMeasure__c",
      "ProjectHub__CostCodeCategory__c",
      "ProjectHub__TotalAmount__c",
      "ProjectHub__ExchangeRate__c",
      "ProjectHub__CostRate__c",
      "ProjectHub__PaymentStatus__c",
      "ProjectHub__UnitPrice__c",
      "ProjectHub__JobCodeId__c",
      "CFDAPercent__c",
      "ProjectHub__Role__c",
      "ProjectHub__ActualHash__c",
      "ProjectHub__CostCodeThirdSubcategory__c",
      "TaxPercent__c",
      "ThirdLevelDimension__c",
      "SystemModstamp",
      "ProjectHub__Effort__c",
      "FirstLevelDimension__c",
      "ProjectHub__CostCodeSecondSubcategory__c",
      "ProjectHub__FourthDimensionId__c",
      "ProjectHub__ProjectId__c",
      "Name",
      "ProjectHub__ComponentCodeId__c",
      "ProjectHub__Markup__c",
      "CreatedById",
      "ProjectHub__LineNumber__c",
      "ProjectHub__LastActualHashCalculatedDate__c",
      "ProjectHub__Date__c",
      "ProjectHub__QuantityModifier__c",
      "GroupNumber__c",
      "ProjectHub__Type__c",
      "CFDAAmount__c",
      "ProjectHub__LastBaselineHashCalculatedDate__c",
      "CurrencyIsoCode",
      "ProjectHub__IsApproved__c",
      "LineItemGroup__c",
      "CreatedDate",
      "ProjectHub__SubTotal__c",
      "TaxAmount__c",
      "ProjectHub__ExchangeRateDate__c",
      "ProjectHub__Discount__c",
      "ProjectHub__ProjectTaskId__c",
      "ProjectHub__BillingStatus__c",
      "ProjectHub__CostCodeIsDiscountable__c",
      "ProjectHub__CostCodeType__c",
      "ProjectHub__DiscountAmount__c",
      "MarkupRate__c",
      "ProjectHub__Category__c",
      "ProjectHub__CurrencyIsoCode__c",
      "ProjectHub__LineType__c",
      "FDAAmount__c",
      "ProjectHub__MarkupAmount__c",
      "SecondLevelDimension__c",
      "ContentCategory__c",
      "MiceonStudy__c",
      "ProjectHub__QuantityAdjustmentMethod__c",
      "NumberofArms__c",
      "ProjectHub__Status__c",
      "ProjectHub__OpportunityId__c",
      "ProjectHub__IsClone__c",
      "ProjectHub__ProjectDashboardId__c",
      "ProjectHub__ExternalId__c",
      "ProjectHub__NetAmount__c",
      "ProjectHub__UnitPriceModifier__c",
      "ProjectThirdDimension__c",
      "ProjectHub__AdjustedQuantity__c",
      "ProjectHub__CostCodeId__c",
      "LastModifiedById",
      "ProjectHub__TotalEffort__c"
    ],
    "s3bucket": "1dxp-dl-s-z1-crown/cl/SalesForce/BudgetLineItem/",
    "s3folder": "cl/SalesForce/BudgetLineItem/",
    "mainobject": "ProjectHub__BudgetLineItem__c",
    "truncate_table": "true"
  }