{
    "object": "projecthub__datedconversionrate__temp",
    "fields": [
        "id",
        "isocode",
        "startdate",
        "nextstartdate",
        "conversionrate",
        "createddate",
        "createdbyid",
        "lastmodifieddate",
        "lastmodifiedbyid",
        "systemmodstamp"
    ],
    "s3bucket": "1dxp-dl-s-z1-crown/cl/SalesForce/DatedConversionRate/",
    "s3folder": "cl/SalesForce/DatedConversionRate/",
    "mainobject": "ProjectHub__DatedConversionRate",
    "truncate_table": "true"
  }