{
  "object": "projecthub__projectmilestone__temp",
  "fields": [
    "LastModifiedDate",
    "ProjectHub__RevenueDistribution__c",
    "ProjectManagerName__c",
    "RevenueForecastStatus__c",
    "ProjectHub__IsBillable__c",
    "SF_Milestone_Id__c",
    "MilestoneCode__c",
    "TotalBudgetedAmount__c",
    "ProjectHub__ThirdDimensionId__c",
    "ProjectHub__Notes__c",
    "ProjectHub__Amount__c",
    "ProjectHub__BaselineHash__c",
    "RevenueRecognitionStatus__c",
    "ProjectHub__Duration__c",
    "ProjectManager__c",
    "ProjectHub__FirstDimensionId__c",
    "ProjectHub__NotificationType__c",
    "IsDeleted",
    "BusinessDevelopment__c",
    "ProjectHub__SecondDimensionId__c",
    "ProjectHub__TasksPercentComplete__c",
    "ExternalInvoiceNumber__c",
    "DaysToStartFromContract__c",
    "ProjectHub__Quantity__c",
    "ProjectHub__ProgressStatus__c",
    "DaysToCompleteFromContract__c",
    "RevenueRecognitionProfileId__c",
    "ProjectHub__InvoiceDate__c",
    "ProjectHub__RootProjectMilestoneId__c",
    "ProjectHub__NumberOfCompletedTasks__c",
    "Id",
    "ProjectHub__PeriodId__c",
    "CrownBioOracleID__c",
    "ProjectHub__InvoiceNumber__c",
    "ProjectHub__Description__c",
    "ProjectHub__QuantityUnitOfMeasure__c",
    "ProjectHub__IsInvoiced__c",
    "ProjectHub__NumberOfBlockedTasks__c",
    "ProjectHub__ExchangeRate__c",
    "IsUpdated__c",
    "ProjectHub__Priority__c",
    "ProjectHub__NotificationDate__c",
    "ContractDate__c",
    "ProjectHub__IsCompleted__c",
    "ProjectHub__NumberOfLateTasks__c",
    "ProjectHub__ContactId__c",
    "ProjectHub__JobCodeId__c",
    "ProjectHub__ActualHash__c",
    "ProjectHub__IsActive__c",
    "ProjectHub__NumberOfOpenTasks__c",
    "ProjectHub__ParentProjectMilestoneId__c",
    "ProjectHub__StartDate__c",
    "ProjectTaskNumber__c",
    "ActualDaysToStart__c",
    "SystemModstamp",
    "ForecastDataQualityStatus__c",
    "LastActivityDate",
    "DataImportTesting__c",
    "ProjectHub__IsClosed__c",
    "ExpectedRevenue__c",
    "ProjectHub__PercentComplete__c",
    "ProjectOriginalContractValue__c",
    "ProjectHub__BudgetedAmount__c",
    "ProjectHub__FourthDimensionId__c",
    "ProjectTaskId__c",
    "ProjectHub__ProjectId__c",
    "Name",
    "ProjectHub__ComponentCodeId__c",
    "ProjectHub__EndDate__c",
    "CreatedById",
    "RevenueDataQualityStatus__c",
    "ProjectHub__LineNumber__c",
    "ProjectHub__LastActualHashCalculatedDate__c",
    "ProjectHub__NumberOfTasks__c",
    "ProjectSite__c",
    "RevenueTransactionId__c",
    "LastViewedDate",
    "ProjectHub__Type__c",
    "ProjectHub__PaymentSchedule__c",
    "ProjectHub__LastBaselineHashCalculatedDate__c",
    "CurrencyIsoCode",
    "ProjectHub__BillingType__c",
    "ProjectHub__IsApproved__c",
    "ProjectHub__ExpenseAmount__c",
    "ProjectHub__InvoicedAmount__c",
    "CreatedDate",
    "StudyDirector__c",
    "ProjectHub__ExchangeRateDate__c",
    "ProjectHub__ActualEndDate__c",
    "ProjectHub__ActualStartDate__c",
    "ProjectStatus__c",
    "ProjectHub__MinStartDate__c",
    "LastReferencedDate",
    "ProjectHub__BillingStatus__c",
    "ProjectActualStartDate__c",
    "ProjectHub__CurrencyIsoCode__c",
    "ActualDaysToComplete__c",
    "ProjectHub__MaxEndDate__c",
    "ProjectHub__Stage__c",
    "AccountId__c",
    "ProjectSponsor__c",
    "ProjectHub__Status__c",
    "ProjectType__c",
    "ProjectHub__IsVisibleToExternalUsers__c",
    "ProjectHub__ExternalId__c",
    "ProjectNumber__c",
    "IsProjectCurrency__c",
    "ProjectHub__CostCodeId__c",
    "ProjectNumberMilestone__c",
    "LastModifiedById",
    "ProjectHub__ProjectStage__c"
  ],
  "s3bucket": "1dxp-dl-s-z1-crown/cl/SalesForce/ProjectMilestone/",
  "s3folder": "cl/SalesForce/ProjectMilestone/",
  "mainobject": "ProjectHub__ProjectMilestone__c",
  "truncate_table": "true"
}