{
  "object": "revenuehub__revenuetransactionlineitem__temp",
  "fields": [
    "RevenueHub__Quantity__c",
    "LastModifiedDate",
    "ThirdDimensionId__c",
    "RevenueHub__BaselineHash__c",
    "RevenueHub__ExternalId__c",
    "TotalBudgetedAmount__c",
    "RevenueHub__AccountId__c",
    "SiteId__c",
    "FourthDimensionId__c",
    "BusinessDevelopmentId__c",
    "RevenueHub__ThirdDimension__c",
    "RevenueHub__IncomeStatementGLAccount__c",
    "Name",
    "RevenueHub__Formula__c",
    "RevenueHub__Currency__c",
    "CreatedById",
    "ProjectManager__c",
    "FirstDimensionId__c",
    "RevenueHub__CurrencyIsoCode__c",
    "RevenueHub__UnitPrice__c",
    "RevenueHub__SecondDimension__c",
    "IsDeleted",
    "RevenueHub__LastBaselineHashCalculatedDate__c",
    "RevenueHub__RecordId__c",
    "RevenueHub__RevenueRecognitionProfileId__c",
    "RevenueHub__LineNumber__c",
    "RevenueHub__Description__c",
    "CurrencyIsoCode",
    "StudyDirectorId__c",
    "AmountExcludingTaxUSD__c",
    "AutoNumber__c",
    "RevenueHub__Category__c",
    "CreatedDate",
    "RevenueHub__Amount__c",
    "RevenueHub__BalanceSheetGLAccount__c",
    "Id",
    "RevenueHub__SourceStatus__c",
    "RevenueHub__PercentComplete__c",
    "AmountUSD__c",
    "RevenueHub__Date__c",
    "OracleID__c",
    "RevenueHub__ExchangeRateDate__c",
    "Line_Type_2__c",
    "RevenueHub__FourthDimension__c",
    "RevenueHub__FirstDimension__c",
    "RevenueHub__LastActualHashCalculatedDate__c",
    "ContractDate__c",
    "CrownBioFiscalQuarter__c",
    "RevenueHub__StartDate__c",
    "IsExisting__c",
    "RevenueHub__EndDate__c",
    "CrownBioFiscalPeriod__c",
    "RevenueHub__RevenueDistribution__c",
    "RevenueHub__Name__c",
    "RevenueHub__RecordOwner__c",
    "RevenueHub__ExchangeRate__c",
    "AutoNum__c",
    "RevenueHub__Period__c",
    "RevenueHub__Type__c",
    "SystemModstamp",
    "ChinaRevenueCleanup__c",
    "TaxRate__c",
    "TaskNumber__c",
    "RevenueHub__ActualHash__c",
    "RevenueHub__LineType__c",
    "RevenueHub__IsBaseline__c",
    "SecondDimensionId__c",
    "RevenueHub__ReferenceNumber__c",
    "RecordOwnerId__c",
    "RecordType__c",
    "LastModifiedById",
    "RevenueHub__RevenueTransactionId__c",
    "AmountExcludingTax__c"
  ],
  "s3bucket": "1dxp-dl-s-z1-crown/cl/SalesForce/RevenueTransactionLineItem/",
  "s3folder": "cl/SalesForce/RevenueTransactionLineItem/",
  "mainobject": "RevenueHub__RevenueTransactionLineItem__c",
  "truncate_table": "true"
}