{
  "object": "revenuehub__revenuetransaction__temp",
  "fields": [
    "IsProjectActive__c",
    "LastModifiedDate",
    "ExpectedRevenueUSD__c",
    "RevenueHub__ExternalId__c",
    "TotalBudgetedAmount__c",
    "LastRevenueRecognitionDate__c",
    "ExpectedRevenueDiff__c",
    "SiteId__c",
    "OriginalContractValueUSDExclTax__c",
    "Name",
    "RemainingRevenueUSDExclTax__c",
    "TotalForecastedAmountUSDExclTax__c",
    "CreatedById",
    "RevenueHub__TotalAmountWeekly__c",
    "RevenueHub__RecognizedRate__c",
    "RevenueHub__CurrencyIsoCode__c",
    "TotalRecognizedAmountUSD__c",
    "IsDeleted",
    "isRevenueCompleted__c",
    "RevenueHub__Description__c",
    "CurrencyIsoCode",
    "NoofTransactionLineItems__c",
    "SyncedExpectedRevenue__c",
    "ProjectContractDate__c",
    "AmountExcludingTaxUSD__c",
    "LastSyncedDate__c",
    "SyncReady__c",
    "CreatedDate",
    "RevenueHub__Amount__c",
    "RevenueHub__ForecastedAmount__c",
    "RevenueHub__RecognizedAmount__c",
    "isSyncReady__c",
    "Id",
    "ExchangeRate__c",
    "AmountUSD__c",
    "CrownBioOracleID__c",
    "RevenueHub__Status__c",
    "TotalForecastedAmountExclTax__c",
    "RevenueHub__Date__c",
    "Total_Recognized_Amount_Excluding_Tax__c",
    "RevenueHub__ExchangeRateDate__c",
    "ThirdDimensionCheck__c",
    "OriginalContractValue__c",
    "TotalRecognisedDiff__c",
    "Last_Status_Update_Date__c",
    "SyncedRecognizedAmount__c",
    "OracleLineID__c",
    "ProjectStatus__c",
    "RemainingRevenue__c",
    "BaseLine_Minus_Recognise__c",
    "TotalForecastedAmountUSD__c",
    "ProjectActualStartDate__c",
    "ForecastedAmountDifference__c",
    "Total_Budgeted_Amount__c",
    "RevenueHub__IsReadyToSync__c",
    "OwnerId",
    "OpportunityKey__c",
    "PercentComplete__c",
    "ProjectTaskID__c",
    "CurrentExchangeRateDate__c",
    "RemainingRevenueUSD__c",
    "RevenueHub__Name__c",
    "TotalRecognizedAmountUSDExclTax__c",
    "RevenueHub__ExchangeRate__c",
    "SFRevenueTransactionId__c",
    "RevenueHub__Period__c",
    "ProjectNumber__c",
    "SystemModstamp",
    "TaxRate__c",
    "TaskNumber__c",
    "OriginalContractValueUSD__c",
    "BaseLine_Forecast_Amount__c",
    "SyncStatus__c",
    "ExpectedRevenueUSDExclTax__c",
    "LastModifiedById",
    "PercentRevenueRecognized__c",
    "RevenueHub__ActualHash__c",
    "RevenueHub__BaselineHash__c",
    "RevenueHub__LastActualHashCalculatedDate__c",
    "RevenueHub__LastBaselineHashCalculatedDate__c"
  ],
  "s3bucket": "1dxp-dl-s-z1-crown/cl/SalesForce/RevenueTransaction/",
  "s3folder": "cl/SalesForce/RevenueTransaction/",
  "mainobject": "RevenueHub__RevenueTransaction__c",
  "truncate_table": "true"
}